index,rna
0,CCAT1-L
1,H19
2,ZNF295-AS1
3,LINC01554
4,LINC-PINT
5,NORAD
6,ZFAT-AS1
7,TC0101441
8,FLJ22447
9,HTR2A-AS1
10,RP11-304L19.5
11,PTPRG-AS1
12,SRA
13,EWSAT1
14,LOC283070
15,XLOC_005327
16,CASC15-S
17,SGO1-AS1
18,LCAL6
19,lnc-MBL2-4:3
20,MIR31HG
21,CTB-167B5.2
22,LOC285629
23,ASK00420
24,AATBC
25,MUC5B-AS1
26,SLC16A1-AS1
27,LINC00313
28,LOC105369388
29,HOXA13
30,RP11-1C1.7
31,LOC441242
32,LINC00672
33,PRNCR1
34,NRON
35,Z38
36,LOC284454
37,OR3A4
38,PPP3CB
39,HOXA-AS3
40,TCL6
41,LSINCT7
42,ASAP1-IT1
43,lnc-JPH1-7
44,ncRAB31
45,POLR2E
46,LINC00993
47,LINC01089
48,RP11-445K13.2
49,LINC-ROR
50,ERVH48-1
51,LINC00635
52,CASC9.5
53,ZXF2
54,NRG1
55,HULC
56,lncTCF7
57,lncRNA-HIT
58,MVIH
59,RP5-826L7.1
60,SOX2OT-S1
61,RP11-672F9.1
62,LINC01617
63,PTCSC2
64,XLOC_009911
65,LINC00365
66,RP11-909N17.3
67,P28210
68,HCP5
69,lncRNA625
70,XIST
71,XLOC_010235
72,EPB41L4A-AS2
73,P8725
74,EPEL
75,DUXAP8
76,LOC730101
77,LINC00426
78,HCG11
79,ILF3-AS1
80,DUBR
81,BALR-2
82,LOC100499405
83,UC001kfo
84,LOC554202
85,FAM83A-AS1
86,RHPN1-AS1
87,KLF3-AS1
88,MANCR
89,CASC9
90,XLOC_000647
91,XLOC_008559
92,AC008392.1
93,BRE-AS1
94,MAGI2-AS3
95,RGMB-AS1
96,RP11-334E6.12
97,CFLAR-AS1
98,NKILA
99,LSINCT1
100,GAS8-AS1
101,DLEU7-AS1
102,FGFR3-AS1
103,GPC3-AS1
104,uc.338
105,SLC25A25-AS1
106,LINC00982
107,SchLAH
108,uc.63
109,FGF14-AS2
110,ICR
111,PDIA3P
112,CCAT4
113,RP11-401P9.4
114,P16984
115,AC024560.2
116,TUSC8
117,HAS2-AS1
118,LeXis
119,NONHSAT082241
120,LOC149086
121,RRP1B
122,lnc-MX1-1
123,DBH-AS1
124,CTD-2574D22.4
125,PCAN-1
126,CEBPA-AS1
127,SLC25A27
128,C14orf132
129,HAGLR
130,FOXCUT
131,LINC00628
132,CTD-3193O13.11
133,AFAP1-AS1
134,KIAA0087
135,LOC100132354
136,CASC7
137,SFTA1P
138,DPP10-AS1
139,LOC90784
140,LOC728290
141,WFDC21P
142,RAMP2-AS1
143,C2dat1
144,LINC00176
145,RP11-434D9.1
146,CCAT2
147,LINC00473
148,AC092171.4
149,DLX6-AS1
150,PRKCZ-AS1
151,XLOC_010588
152,SBDSP1
153,ncHDAC5
154,LINC00599
155,GACAT2
156,UCHL1-AS1
157,IGKV
158,LINC00882
159,PCAN-4
160,MIR100HG
161,lnc34a
162,TMPOP2
163,LOC728228
164,RP1-90D4.3
165,CRNDE
166,DDN-AS1
167,AC009014.3
168,IPW
169,HCAL
170,SEMA6A-AS1
171,Llme23
172,RAD51-AS1
173,EGFR-AS1
174,NNT-AS1
175,RP11-135L22.1
176,CRNDE-h
177,GAS5-AS1
178,UCC
179,LINC01512
180,EMX2OS
181,TARID
182,LSINCT4
183,PRC1-AS1
184,MIR155HG
185,DCST1-AS1
186,SPRY4-IT1
187,DRAIC
188,PCNA-AS1
189,XLOC_003405
190,XLOC_000303
191,CCAT3
192,SNHG6
193,PCOTH
194,LSINCT6
195,MIR2052HG
196,CAHM
197,CCEPR
198,LSINCT12
199,LINC00680
200,TUNAR
201,lncARSR
202,BALR-6
203,LINC01426
204,ENST00000430471
205,TUC339
206,P19780
207,LINP1
208,MIR22HG
209,PAX8-AS1
210,ST3GAL6-AS1
211,PCA3
212,LINC01186
213,HOTTIP
214,LINC00472
215,LOC285194
216,FOXP4-AS1
217,TI22687
218,BCAR4
219,LSINCT9
220,LSINCT11
221,CAI2
222,LINC00959
223,pancEts-1
224,LOC285758
225,ROPNR
226,LINC01101
227,ZFHX4-AS1
228,CAT104
229,XLOC_008466
230,AC093850.2
231,ZNF667-AS1
232,CTA-941F9.9
233,MIR4697HG
234,P24363
235,LOC100128881
236,TI13831
237,LINC00336
238,HOXC-AS1
239,DUXAP10
240,CTD-2357A8.3
241,CDKN2B-AS1
242,TRPM2-AS
243,PARROT
244,RP11-366H4.1.1
245,PCAN-3
246,PCAT7
247,FAM215A
248,ROR1-AS1
249,FAM3D-AS1
250,SIRT1-AS
251,RP11-473M20.11
252,JHDM1D-AS1
253,FAM212B-AS1
254,P9745
255,PCAT5
256,MIR210HG
257,POU6F2-AS2
258,RMEL3
259,PCAT18
260,MAP3K14
261,lnc-LCE5A-1
262,FAM83H-AS1
263,uc.345
264,ElncRNA1
265,CERNA2
266,GUARDIN
267,SOCS2-AS1
268,TI21327
269,RP11-766N7.4
270,XLOC_007697
271,TP53TG1
272,DIRC3
273,FOXC2-AS1
274,TDRG1
275,FTH1P3
276,P6488
277,P23099
278,RPL34-AS1
279,LINC01116
280,uc003xut.
281,CASC19
282,TRIM52-AS1
283,PCAT29
284,uc.388
285,lncAGER
286,PURPL
287,C5orf66-AS1
288,RP4
289,P14695
290,P700
291,ZNF674-AS1
292,XLOC_013014
293,GIHCG
294,SAMMSON
295,LINC01296
296,TI18318
297,MIR600HG
298,BLACAT1
299,TCONS_l2_00018070
300,TI10124
301,RP4-575N6.5
302,LINC00675
303,LINC00663
304,PDCD4-AS1
305,PAUPAR
306,MIR4435-2HG
307,LINC01139
308,BAIAP2-AS1
309,P6391
310,MIR503HG
311,ENST00000456185
312,ENST00000539303
313,BC041938
314,LOC100130476
315,BDLNR
316,MNX1-AS1
317,CASC8
318,LINC00673
319,THRIL
320,BLACAT2
321,RCCRT1
322,SNHG15
323,MIF-AS1
324,CCAT1
325,LINC01088
326,PHBP1
327,DACOR1
328,WEE2-AS1
329,MAPT-AS1
330,ENST00000501583
331,LINC00515
332,RP11-222K16.2
333,BACE1-AS
334,P8611
335,P8860
336,lnc-MMP3-1
337,HAR1A
338,NEAT1_2
339,MT1JP
340,XLOC_006390
341,P33863
342,ESCCAL-5
343,HOXA11-AS
344,LINC00629
345,PANDAR
346,lncRNA-ATB
347,LINC00963
348,PCAN-2
349,ENST00000602301
350,LINC00659
351,CPS1-IT1
352,RP13-514E23.1
353,CHIAP2
354,RP11-325I22.2
355,HOXA-AS2
356,LINC00092
357,EINCR1
358,POTEF-AS1
359,FTX
360,RP5-1024C24.1
361,LINC00271
362,CRALA
363,NR_002444
364,TSIX
365,NBAT1
366,AP000221.1
367,LOC100292680
368,LOC100287225
369,AC012065.7
370,LINC01018
371,IRAIN
372,MHRT
373,GHET1
374,HOTAIRM1
375,ATXN8OS
376,RP11-402L6.1
377,LCAL1
378,CTBP1-AS
379,LINC01225
380,GNAS-AS1
381,ncNRFR
382,MT1DP
383,ADARB2-AS1
384,AC007255.8
385,MIR7-3HG
386,Unigene56159
387,APTR
388,XLOC_003286
389,ULK4P2
390,LINC00115
391,LINC01133
392,LUNAR1
393,CCAT6
394,HIF1A-AS1
395,FENDRR
396,FEZF1-AS1
397,lncRNA-422
398,P4091
399,PEG10
400,RP11-708H21.4
401,HAR1B
402,GLIDR
403,LOC152578
404,SNHG7
405,ENST00000435885
406,VELUCT
407,TNXA
408,LINC01494
409,CCAL
410,lnc-Sox5
411,KRTAP5-AS1
412,SUZ12P1
413,AOC4P
414,RUNXOR
415,XLOC_014172
416,ELF3-AS1
417,LOC440905
418,DAPK1
419,uc.73
420,LINC00160
421,LSINCT8
422,LSINCT3
423,CILA1
424,CASC11
425,PINCR
426,CA3-AS1
427,MIR222HG
428,TCONS_l2_00018071
429,R05532
430,JPX
431,PCAT14
432,FAS-AS1
433,LOC389641
434,PCAN-6
435,RP5-833A20.1
436,LINC01013
437,lncHERG
438,RP11-160H22.5
439,PTENP1
440,XLOC_006844
441,HMMR-AS1
442,LAMA5-AS1
443,EPB41L4A-AS1
444,PVT1
445,LINC00052
446,LSINCT10
447,CCDC26
448,PAX8-AS1-N
449,RP11-552M11.4
450,SOX2OT-S2
451,LINC01419
452,lncZic2
453,SERHL
454,KCNK15-AS1
455,GAPLINC
456,XLOC_012255
457,CASC15
458,SCHLAP1
459,SATB2-AS1
460,STXBP5-AS1
461,LSINCT2
462,LOC100507661
463,FBXL19-AS1
464,LINC00974
465,RP4-583P15.10
466,PVT1-5
467,EF177379
468,LINC00689
469,LOC646329
470,CTD-2020K17.1
471,CCND2-AS1
472,hsa-mir-363
473,hsa-mir-448
474,hsa-mir-181b-2
475,hsa-mir-24-1
476,hsa-mir-708
477,hsa-mir-136
478,hsa-mir-376a-1
479,hsa-mir-520a
480,hsa-mir-421
481,hsa-mir-4262
482,hsa-mir-192
483,hsa-mir-30a
484,hsa-mir-543
485,hsa-mir-34a
486,hsa-mir-203a
487,hsa-mir-196a-2
488,hsa-let-7g
489,hsa-let-7f-1
490,hsa-mir-194-2
491,hsa-mir-23a
492,hsa-mir-19b-1
493,hsa-mir-3619
494,hsa-mir-30d
495,hsa-mir-141
496,hsa-mir-320b-1
497,hsa-mir-335
498,hsa-mir-27b
499,hsa-mir-7-3
500,hsa-mir-16-2
501,hsa-let-7a-2
502,hsa-mir-539
503,hsa-mir-106b
504,hsa-mir-133a-2
505,hsa-mir-504
506,hsa-mir-302b
507,hsa-mir-196b
508,hsa-mir-320c-2
509,hsa-mir-146b
510,hsa-mir-210
511,hsa-mir-29b-1
512,hsa-mir-199a-1
513,hsa-let-7d
514,hsa-mir-503
515,hsa-mir-26b
516,hsa-mir-124-3
517,hsa-mir-296
518,hsa-mir-376a-2
519,hsa-mir-329-2
520,hsa-mir-135a-2
521,hsa-mir-18b
522,hsa-mir-103a-2
523,hsa-mir-208b
524,hsa-mir-32
525,hsa-mir-153-1
526,hsa-mir-195
527,hsa-mir-181b-1
528,hsa-mir-93
529,hsa-mir-320d-2
530,hsa-mir-382
531,hsa-mir-497
532,hsa-mir-29a
533,hsa-mir-9-1
534,hsa-mir-599
535,hsa-mir-429
536,hsa-mir-181a-1
537,hsa-mir-496
538,hsa-mir-205
539,hsa-let-7b
540,hsa-mir-153-2
541,hsa-mir-125a
542,hsa-mir-191
543,hsa-mir-590
544,hsa-mir-103a-1
545,hsa-mir-454
546,hsa-mir-215
547,hsa-mir-218-2
548,hsa-mir-615
549,hsa-mir-33b
550,hsa-mir-1271
551,hsa-mir-542
552,hsa-mir-29c
553,hsa-mir-206
554,hsa-mir-450a-2
555,hsa-mir-155
556,hsa-mir-186
557,hsa-mir-300
558,hsa-mir-20b
559,hsa-mir-506
560,hsa-mir-613
561,hsa-mir-26a-1
562,hsa-mir-339
563,hsa-mir-28
564,hsa-mir-340
565,hsa-mir-455
566,hsa-mir-758
567,hsa-mir-383
568,hsa-mir-128-1
569,hsa-mir-199b
570,hsa-mir-373
571,hsa-mir-130b
572,hsa-mir-23c
573,hsa-mir-451a
574,hsa-mir-135b
575,hsa-mir-376c
576,hsa-mir-324
577,hsa-mir-4458
578,hsa-mir-301a
579,hsa-mir-138-2
580,hsa-mir-338
581,hsa-mir-200b
582,hsa-mir-216a
583,hsa-mir-488
584,hsa-mir-520e
585,hsa-mir-224
586,hsa-mir-30b
587,hsa-mir-19a
588,hsa-mir-494
589,hsa-mir-4770
590,hsa-mir-320d-1
591,hsa-mir-190b
592,hsa-mir-218-1
593,hsa-mir-411
594,hsa-mir-422a
595,hsa-mir-425
596,hsa-mir-181a-2
597,hsa-mir-130a
598,hsa-mir-491
599,hsa-let-7i
600,hsa-mir-376b
601,hsa-mir-33a
602,hsa-mir-211
603,hsa-mir-139
604,hsa-mir-320c-1
605,hsa-mir-346
606,hsa-mir-122
607,hsa-mir-302c
608,hsa-mir-19b-2
609,hsa-mir-181c
610,hsa-mir-4644
611,hsa-mir-4465
612,hsa-mir-17
613,hsa-mir-25
614,hsa-mir-26a-2
615,hsa-mir-330
616,hsa-mir-378b
617,hsa-mir-378c
618,hsa-mir-22
619,hsa-mir-4319
620,hsa-mir-378e
621,hsa-mir-520c
622,hsa-mir-181d
623,hsa-mir-485
624,hsa-mir-223
625,hsa-mir-302a
626,hsa-mir-15b
627,hsa-mir-152
628,hsa-mir-10a
629,hsa-mir-212
630,hsa-mir-449a
631,hsa-mir-135a-1
632,hsa-mir-194-1
633,hsa-mir-4306
634,hsa-mir-378h
635,hsa-mir-182
636,hsa-mir-505
637,hsa-mir-7-1
638,hsa-mir-30c-1
639,hsa-mir-342
640,hsa-mir-128-2
641,hsa-mir-379
642,hsa-mir-92b
643,hsa-mir-125b-1
644,hsa-mir-126
645,hsa-mir-92a-1
646,hsa-mir-140
647,hsa-mir-217
648,hsa-mir-34c
649,hsa-mir-372
650,hsa-mir-134
651,hsa-mir-185
652,hsa-let-7c
653,hsa-mir-20a
654,hsa-mir-4500
655,hsa-mir-378d-2
656,hsa-mir-328
657,hsa-mir-410
658,hsa-mir-23b
659,hsa-mir-4295
660,hsa-mir-148b
661,hsa-mir-106a
662,hsa-mir-761
663,hsa-mir-221
664,hsa-mir-381
665,hsa-mir-371a
666,hsa-mir-21
667,hsa-mir-10b
668,hsa-mir-193b
669,hsa-mir-142
670,hsa-mir-490
671,hsa-mir-302d
672,hsa-mir-367
673,hsa-mir-378d-1
674,hsa-mir-138-1
675,hsa-mir-29b-2
676,hsa-mir-27a
677,hsa-mir-204
678,hsa-mir-197
679,hsa-mir-378a
680,hsa-mir-431
681,hsa-let-7e
682,hsa-mir-31
683,hsa-mir-544a
684,hsa-mir-499a
685,hsa-mir-187
686,hsa-mir-361
687,hsa-mir-146a
688,hsa-mir-450a-1
689,hsa-mir-1297
690,hsa-mir-125b-2
691,hsa-mir-202
692,hsa-mir-4782
693,hsa-mir-519d
694,hsa-mir-132
695,hsa-mir-137
696,hsa-mir-144
697,hsa-mir-15a
698,hsa-mir-365a
699,hsa-mir-124-2
700,hsa-mir-133a-1
701,hsa-mir-874
702,hsa-mir-193a
703,hsa-mir-329-1
704,hsa-mir-30e
705,hsa-mir-222
706,hsa-mir-30c-2
707,hsa-mir-133b
708,hsa-mir-374a
709,hsa-let-7a-3
710,hsa-mir-18a
711,hsa-mir-148a
712,hsa-mir-129-1
713,hsa-mir-196a-1
714,hsa-mir-150
715,hsa-mir-92a-2
716,hsa-mir-299
717,hsa-mir-449b
718,hsa-mir-216b
719,hsa-mir-200a
720,hsa-mir-378i
721,hsa-mir-199a-2
722,hsa-mir-3666
723,hsa-mir-320b-2
724,hsa-mir-16-1
725,hsa-mir-7-2
726,hsa-mir-9-2
727,hsa-mir-149
728,hsa-mir-183
729,hsa-mir-301b
730,hsa-mir-9-3
731,hsa-mir-184
732,hsa-mir-433
733,hsa-mir-384
734,hsa-mir-129-2
735,hsa-mir-495
736,hsa-mir-520b
737,hsa-mir-302e
738,hsa-mir-876
739,hsa-mir-214
740,hsa-mir-362
741,hsa-mir-1-2
742,hsa-mir-101-1
743,hsa-mir-101-2
744,hsa-mir-24-2
745,hsa-mir-424
746,hsa-mir-873
747,hsa-let-7a-1
748,hsa-mir-1-1
749,hsa-mir-378f
750,hsa-mir-520d
751,hsa-let-7f-2
752,hsa-mir-320a
753,hsa-mir-208a
754,hsa-mir-377
755,hsa-mir-370
756,hsa-mir-374b
757,hsa-mir-98
758,hsa-mir-143
759,hsa-mir-107
760,hsa-mir-154
761,hsa-mir-326
762,hsa-mir-145
763,hsa-mir-96
764,hsa-mir-200c
765,hsa-mir-190a
766,hsa-mir-124-1
767,RSU1P2
768,AFF4
769,CBR3-AS1
770,ACTA2-AS1
771,OXCT1-AS1
772,NR2F1-AS1
773,SNHG4
774,ENST00000535511
775,A1BG-AS1
776,SNHG3
777,PIK3C2A
778,LINC01518
779,AC068039.4
780,LINC00284
781,CUL2
782,LINC00263
783,LINC00887
784,LINC00161
785,LINC02582
786,MIR205HG
787,LINC00969
788,MAFG-AS1
789,USP30-AS1
790,HIPK3
791,LINC01016
792,LET
793,A2M-AS1
794,SNHG14
795,ADPGK-AS1
796,STARD13
797,FLVCR1-AS1
798,LINC00483
799,CAMTA1
800,GSEC
801,IGFL2-AS1
802,ST8SIA6-AS1
803,MAPKAPK5-AS1
804,FER1L4
805,DSCR8
806,CASC2
807,GHRLOS
808,GATA6-AS
809,LUCAT1
810,CEP128
811,THAP9-AS1
812,TUG1
813,TRERNA1
814,UCA1
815,PART1
816,LINC00908
817,DLG1-AS1
818,KCNQ1OT1
819,HOXB-AS1
820,MIAT
821,IGF1R
822,SNHG12
823,TUSC7
824,LINC00662
825,MALAT1
826,ZNF609
827,LBX1-AS1
828,LINC00470
829,MEG8
830,LINC01564
831,TP73-AS1
832,NR2F2-AS1
833,ARFRP1
834,HOXB-AS3
835,LUADT1
836,SH3BP5-AS1
837,LIPE-AS1
838,LINC01132
839,ZNF281
840,EIF3J-AS1
841,LINC00657
842,LINC00960
843,LINC00936
844,LINC00461
845,GAS5
846,ZEB2
847,LINC00858
848,RP11-396F22.1
849,H1FX-AS1
850,SNHG16
851,LINC02418
852,RP11-89K21.1
853,LINC00665
854,LINC01305
855,TPT1-AS1
856,LINC00319
857,RP11-838N2.4
858,TMEM161B-AS1
859,LINC00184
860,SNHG11
861,LINC01503
862,BANCR
863,PWRN1
864,LINC00511
865,TRHDE-AS1
866,LINC00668
867,IRAK4
868,LINC00941
869,KLKP1
870,STAT3
871,TFF3
872,MEG3
873,CTBP1-AS2
874,LINC01189
875,LRRC75A-AS1
876,LINC01816
877,HOXA10
878,LINC00943
879,C3orf35
880,DGCR5
881,MAP3K20
882,NOP14-AS1
883,CHRF
884,n335586
885,PRINS
886,ZFAS1
887,LINC00339
888,SNHG1
889,RMRP
890,DNMT1
891,LINC0086
892,DNM3OS
893,NKX2-1-AS1
894,RP11-436H11.5
895,LINC00885
896,SBF2-AS1
897,LINC00504
898,LINC02086
899,MCM3AP-AS1
900,MYLK
901,LINC00210
902,LINC01705
903,CTBP
904,ARAP1-AS1
905,FAM230B
906,SMARCC2
907,SNHG5
908,LINC00958
909,LINC00667
910,PDGF
911,TTC28-AS1
912,KCNQ1
913,NALCN
914,USP16
915,AP000695.4
916,LINC00466
917,EGOT
918,LINC00460
919,MYCNOS
920,LOXL1-AS1
921,LEMD1-AS1
922,LINC01128
923,HOXD-AS1
924,LINC00173
925,HAND2-AS1
926,FOXD2-AS1
927,LINC01929
928,GACAT1
929,RBM5-AS1
930,LINC00467
931,LINC00346
932,KDM4A
933,LINC00301
934,LINC02288
935,SNHG9
936,RAX
937,APCDD1L-AS1
938,VIM-AS1
939,FGD5-AS1
940,CTDP1
941,ATB
942,LIFR-AS1
943,BCYRN1
944,LINC00857
945,LINC01541
946,RAP1B
947,LEF1-AS1
948,LBX2-AS1
949,DDX11-AS1
950,BDNF-AS
951,DSCAM-AS1
952,AC007271.3
953,HNRNPK
954,ADAMTS9-AS1
955,FN1
956,PTEN
957,SNHG17
958,GATA6-AS1
959,GACAT3
960,IGF2-AS
961,LINC00488
962,ABCB10
963,TTN-AS1
964,LINC00491
965,HOXD1
966,RPPH1
967,CTU1
968,PCAT6
969,PCED1B-AS1
970,HIF1A-AS2
971,SLC2A1-AS1
972,MHENCR
973,CCR7
974,OIP5-AS1
975,HMGA2
976,HOTAIR
977,PCAT1
978,SNHG8
979,WT1-AS
980,PINK1-AS
981,LINC00707
982,SNAI1
983,SNHG20
984,MINCR
985,CERS6-AS1
986,LINC01977
987,ZEB1
988,PRR34-AS1
989,DANCR
990,ROCK2
991,MIR143HG
992,KTN1-AS1
993,GABPB1-AS1
994,GAS6-AS1
995,SOX21-AS1
996,PICSAR
997,MIR4713HG
998,CNOT6L
999,AC130710
1000,LINC00501
1001,LINC00519
1002,POU3F3
1003,CTB-180A7.6
1004,CDC42
1005,DLEU1
1006,HNF1A-AS1
1007,LINC00162
1008,LINC00441
1009,LNC473
1010,FALEC
1011,KCNMB2-AS1
1012,WDFY3-AS2
1013,LINC01638
1014,SOX2-OT
1015,TINCR
1016,PCGEM1
1017,GAS6
1018,NBR2
1019,RMST
1020,DLGAP1-AS1
1021,ZEB1-AS1
1022,LINC00312
1023,HAGLROS
1024,LINC00152
1025,CA9
1026,MFI2-AS1
1027,TMPO-AS1
1028,DNAJC3-AS1
1029,VAPA
1030,ZEB2-AS1
1031,LINC01138
1032,VRK1
1033,RP11-909B2.1
1034,ADAMTS9-AS2
1035,SOX2
1036,GATA3-AS1
1037,LINC01234
1038,DLEU2
1039,LINC02308
1040,MIR17HG
1041,MLK7-AS1
1042,CYTOR
1043,VCAN
1044,CTB-89H12.4
1045,MTX2-6
1046,CTA
1047,NEAT1
1048,PTCSC3
1049,LINC00261
1050,LINC00520
1051,miR-425
1052,miR-103
1053,miR-548
1054,miR-376c-3p
1055,miR-641
1056,miR-204
1057,miR-141
1058,miR-1299
1059,miR-19a
1060,miR-19b
1061,miR-574-5p
1062,miR-182
1063,miR-20a-5p
1064,miR-143
1065,miR-373
1066,miR-197-3p
1067,miR-525-5p
1068,miR-338
1069,miR-194-3p
1070,miR-139-5p
1071,miR-491-5p
1072,miR-101
1073,miR-2116-3p
1074,miR-32
1075,miR-429
1076,miR-210
1077,miR-1276
1078,miR-30e-3p
1079,miR-34b-3p
1080,miR-383
1081,miR-195-5p
1082,miR-664
1083,miR-876-5p
1084,miR-654-5p
1085,miR-218-5p
1086,miR-34b-5p
1087,miR-367-3p
1088,miR-454
1089,miR-324-3p
1090,miR-624-3p
1091,miR-378a-3p
1092,miR-193b-3p
1093,miR-6838-5p
1094,miR-1180
1095,miR-133a-5p
1096,miR-23a-5p
1097,miR-506-5p
1098,miR-507
1099,miR-1270
1100,miR-146b
1101,miR-411-5p
1102,miR-296-3p
1103,miR-216a-5p
1104,miR-148a
1105,miR-494
1106,miR-145-5p
1107,miR-224-5p
1108,miR-214
1109,miR-384
1110,miR-873-5p
1111,miR-93-5p
1112,miR-770
1113,miR-515-5p
1114,miR-106a-5p
1115,miR-770-5p
1116,miR-508
1117,miR-212-3p
1118,miR-200
1119,miR-320b
1120,miR-138-5p
1121,miR-508-3p
1122,miR-342-3p
1123,miR-30c-5p
1124,miR-9-5p
1125,miR-497
1126,miR-422a
1127,miR-182-5p
1128,miR-497-5p
1129,miR-375-3p
1130,miR-324-5p
1131,miR-31-5p
1132,miR-4530
1133,miR-125b
1134,miR-125a
1135,miR-29c-3p
1136,miR-29
1137,miR-3619-5p
1138,miR-381
1139,miR-223-3p
1140,miR-1197
1141,miR-216b
1142,miR-29a-3p
1143,miR-580-3p
1144,miR-509
1145,miR-153-3p
1146,miR-330-5p
1147,miR-523-5p
1148,miR-516a-5p
1149,miR-203
1150,miR-661
1151,hsa-let-7e-5p
1152,miR-1-3p
1153,miR-185
1154,miR-98
1155,miR-122-5p
1156,miR-491
1157,miR-140
1158,miR-181b
1159,miR-193a-3p
1160,miR-493-3p
1161,miR-494-3p
1162,miR-485
1163,miR-379-5p
1164,hsa-let-7i-5p
1165,miR-211-3p
1166,miR-149-5p
1167,miR-26b
1168,miR-449b-5p
1169,miR-137-3p
1170,miR-376a-3p
1171,miR-890
1172,miR-216a
1173,miR-498
1174,miR-23
1175,let-7c-5p
1176,miR-33b-5p
1177,miR-1
1178,miR-194-5p
1179,miR-1306
1180,miR-30b-5p
1181,let-7
1182,miR-125b-5p
1183,miR-374a-3p
1184,miR-298
1185,miR-339-5p
1186,miR-184
1187,miR-373-3p
1188,miR-363
1189,miR-320c
1190,miR-183
1191,miR-708-5p
1192,miR-139
1193,miR-3200-3p
1194,miR-33a-5p
1195,miR-20a
1196,miR-21
1197,hsa-let-7d-5p
1198,miR-489
1199,miR-205
1200,miR-654-3p
1201,miR-128-3p
1202,miR-193a
1203,miR-187-3p
1204,miR-134
1205,miR-19b-3p
1206,miR-133a
1207,miR-181d-5p
1208,miR-302a-3p
1209,miR-320a
1210,miR-4513
1211,miR-520g
1212,miR-370
1213,miR-132
1214,miR-183-5p
1215,miR-448
1216,miR-142
1217,miR-3130-3p
1218,miR-199a
1219,miR-188-5p
1220,miR-214-3p
1221,miR-134-5p
1222,miR-18a-5p
1223,miR-335-5p
1224,miR-124-3p
1225,miR-1224-5p
1226,miR-186-5p
1227,miR-19
1228,miR-664a
1229,miR-200a
1230,miR-577
1231,miR-320d
1232,miR-137
1233,miR-20b-5p
1234,miR-22
1235,miR-202-3p
1236,miR-186
1237,miR-4677-3p
1238,miR-545
1239,miR-203a
1240,miR-432-5p
1241,miR-153
1242,miR-185-5p
1243,miR-150-5p
1244,miR-487a-3p
1245,miR-3064-5p
1246,miR-542-3p
1247,miR-18a
1248,miR-129
1249,miR-1224-3p
1250,let-7a
1251,miR-346
1252,miR-1297
1253,miR-3934-5p
1254,miR-3194-3p
1255,miR-590-5p
1256,miR-329
1257,miR-382-3p
1258,miR-574
1259,miR-4465
1260,miR-454-3p
1261,miR-2467-5p
1262,miR-146b-5p
1263,miR-450b-5p
1264,miR-299-3p
1265,miR-93
1266,miR-331-3p
1267,miR-34a-5p
1268,miR-211-5p
1269,miR-665
1270,miR-645
1271,miR-425-5p
1272,miR-18a-3p
1273,miR-107
1274,miR-877-3p
1275,hsa-let-7g-5p
1276,miR-302d-3p
1277,miR-655
1278,miR-155
1279,miR-144
1280,miR-205-5p
1281,miR-489-3p
1282,miR-1179
1283,let-7e-5p
1284,miR-802
1285,miR-214-5p
1286,miR-26a
1287,miR-506-3p
1288,miR-3126-5p
1289,miR-202-5p
1290,miR-26b-5p
1291,miR-1246
1292,let-7e
1293,miR-10a-5p
1294,miR-138
1295,miR-329-3p
1296,let-7b
1297,miR-335
1298,miR-216
1299,miR-203b-3p
1300,miR-2054
1301,miR-924
1302,miR-377-3p
1303,miR-519e-5p
1304,miR-218
1305,miR-140-5p
1306,miR-520a-3p
1307,miR-510-5p
1308,miR-376a
1309,miR-766-5p
1310,miR-663b
1311,miR-374
1312,miR-526b-3p
1313,miR-513a-5p
1314,miR-377
1315,miR-551b-3p
1316,miR-152
1317,miR-29a-5p
1318,miR-124
1319,miR-1193
1320,miR-421
1321,miR-16-2
1322,miR-181b-5p
1323,miR-217
1324,miR-455-5p
1325,miR-29b
1326,miR-34a-3p
1327,miR-130a-5p
1328,miR-370-3p
1329,miR-125b-2-3p
1330,miR-761
1331,let-7a-5p
1332,miR-1225-3p
1333,miR-194
1334,miR-193a-5p
1335,miR-5590-3p
1336,miR-1271-5p
1337,miR-1207-5p
1338,miR-488
1339,miR-24
1340,miR-126-5p
1341,miR-126
1342,miR-548ar-3p
1343,miR-96
1344,miR-613
1345,miR-130a-3p
1346,miR-340-5p
1347,miR-206
1348,miR-136
1349,miR-4319
1350,miR-34c
1351,miR-490
1352,miR-188-3p
1353,miR-4294
1354,miR-195
1355,miR-106b-5p
1356,miR-944
1357,miR-2355-3p
1358,miR-181
1359,miR-152-3p
1360,miR-500a-3p
1361,miR-29a
1362,miR-363-5p
1363,miR-29c
1364,miR-103a
1365,miR-9
1366,miR-202
1367,miR-485-3p
1368,miR-199b
1369,miR-367
1370,miR-382
1371,miR-3127-5p
1372,miR-141-3p
1373,miR-320
1374,hsa-let-7b-5p
1375,miR-23a
1376,hsa-let-7a-5p
1377,miR-544a
1378,miR-483
1379,miR-103a-3p
1380,miR-221-3p
1381,miR-132-3p
1382,miR-185-3p
1383,miR-30b
1384,miR-106b
1385,miR-17-5p
1386,miR-15a-5p
1387,miR-496
1388,hsa-let-7c-5p
1389,miR-122
1390,miR-589-5p
1391,miR-25-3p
1392,miR-615-3p
1393,miR-20b
1394,miR-23a-3p
1395,miR-204-3p
1396,miR-142-3p
1397,miR-495-3p
1398,miR-512-3p
1399,miR-222-5p
1400,miR-619-5p
1401,miR-22-5p
1402,miR-26a-5p
1403,miR-224
1404,miR-588
1405,miR-497-3p
1406,miR-212
1407,miR-133b
1408,miR-490-3p
1409,miR-181a
1410,miR-15b
1411,miR-485-5p
1412,miR-181a-5p
1413,miR-376
1414,miR-758-3p
1415,miR-154-3p
1416,miR-940
1417,miR-222-3p
1418,miR-509-5p
1419,miR-937-5p
1420,miR-98-5p
1421,miR-130a
1422,miR-425-3p
1423,miR-760
1424,miR-199a-5p
1425,miR-142-5p
1426,miR-29b-3p
1427,miR-338-3p
1428,miR-449a
1429,miR-328
1430,miR-4766-5p
1431,miR-196a-5p
1432,miR-595
1433,miR-671
1434,miR-144-3p
1435,miR-599
1436,miR-146a-5p
1437,miR-223
1438,miR-211
1439,miR-4428
1440,miR-1306-5p
1441,miR-634
1442,miR-297
1443,miR-539-5p
1444,miR-128
1445,miR-154-5p
1446,miR-22-3p
1447,miR-7
1448,miR-369-3p
1449,miR-92a
1450,miR-7-5p
1451,miR-27b
1452,miR-34c-5p
1453,miR-106a
1454,miR-495
1455,miR-411-3p
1456,hsa-let-7f-5p
1457,miR-608
1458,miR-504
1459,miR-550a-3p
1460,miR-200c-3p
1461,miR-25
1462,miR-101-3p
1463,miR-4784
1464,miR-27a-3p
1465,miR-361-3p
1466,miR-301a
1467,miR-3129-5p
1468,miR-143-3p
1469,miR-4735-3p
1470,miR-30a-3p
1471,miR-3156-5p
1472,miR-503-5p
1473,miR-216b-5p
1474,miR-105-5p
1475,miR-431
1476,miR-449b
1477,miR-2114-3p
1478,miR-4518
1479,miR-147a
1480,miR-486
1481,miR-765
1482,miR-493-5p
1483,miR-671-5p
1484,miR-155-5p
1485,miR-139-3p
1486,miR-483-3p
1487,miR-30e
1488,miR-92a-3p
1489,miR-300
1490,miR-488-3p
1491,miR-148b-3p
1492,miR-196a
1493,miR-299
1494,miR-433-3p
1495,miR-149
1496,miR-15a
1497,miR-223-5p
1498,miR-181c-5p
1499,miR-30a-5p
1500,miR-135a-5p
1501,miR-10a
1502,miR-135b-5p
1503,miR-381-3p
1504,miR-140-3p
1505,miR-326
1506,miR-23b
1507,miR-650
1508,miR-150
1509,miR-200c
1510,miR-646
1511,miR-146a
1512,miR-330
1513,miR-200a-3p
1514,miR-1972
1515,miR-876-3p
1516,miR-129-5p
1517,miR-17
1518,miR-221
1519,miR-380-3p
1520,miR-200b
1521,miR-874-3p
1522,miR-431-5p
1523,miR-27b-3p
1524,miR-362-5p
1525,miR-30
1526,let-7i
1527,miR-133a-3p
1528,miR-1322
1529,miR-222
1530,miR-34a
1531,miR-16-5p
1532,miR-340
1533,miR-10b
1534,miR-199b-5p
1535,miR-24-3p
1536,miR-23b-3p
1537,miR-197
1538,miR-145
1539,miR-513c
1540,miR-125a-5p
1541,let-7c
1542,miR-1275
1543,miR-539
1544,miR-363-3p
1545,miR-127-5p
1546,miR-135b
1547,miR-199a-3p
1548,miR-375
1549,miR-16-1-3p
1550,miR-3163
1551,miR-508-5p
1552,miR-204-5p
1553,miR-100-5p
1554,miR-16
1555,miR-130b-5p
1556,miR-149-3p
1557,miR-532-5p
1558,miR-455-3p
1559,miR-506
1560,miR-365
1561,miR-424-5p
1562,miR-135a
1563,miR-579-3p
1564,miR-181a-2-3p
1565,miR-590-3p
1566,miR-515-3p
1567,miR-21-5p
